SOURCE,TP,FP,TN,FN,ACCURACY,TPR,TRR,PPV,NPV,FPR
Accutronix,195,41,755,9,0.95,0.9558823529411765,0.9484924623115578,0.826271186440678,0.9882198952879581,0.05150753768844221
Verifidelity,242,13,693,52,0.935,0.8231292517006803,0.9815864022662889,0.9490196078431372,0.9302013422818792,0.018413597733711047
